<?xml version="1.0" encoding="UTF-8"?>
<project-private xmlns="http://www.netbeans.org/ns/project-private/1">
    <editor-bookmarks xmlns="http://www.netbeans.org/ns/editor-bookmarks/2" lastBookmarkId="0"/>
    <open-files xmlns="http://www.netbeans.org/ns/projectui-open-files/2">
        <group>
            <file>file:/C:/Users/User/Desktop/java-web/atividade-2/src/java/PortalServlet.java</file>
            <file>file:/C:/Users/User/Desktop/java-web/atividade-2/src/java/LoginServelet.java</file>
            <file>file:/C:/Users/User/Desktop/java-web/atividade-2/src/java/utils/Settings.java</file>
            <file>file:/C:/Users/User/Desktop/java-web/atividade-2/src/java/LogoutServlet.java</file>
            <file>file:/C:/Users/User/Desktop/java-web/atividade-2/web/index.html</file>
            <file>file:/C:/Users/User/Desktop/java-web/atividade-2/src/java/CadastrarUsuarioServlet.java</file>
            <file>file:/C:/Users/User/Desktop/java-web/atividade-2/src/java/model/Usuario.java</file>
            <file>file:/C:/Users/User/Desktop/java-web/atividade-2/src/java/data/data.txt</file>
        </group>
    </open-files>
</project-private>
